dataset,host,mode,seed,readout,metric,score,selected_epoch,updates
circor,patchtst,native,123,linear_lp0.01,typed_event_macro_f1_at_0.05s,0.3314413286713287,118,200000
circor,patchtst,native,42,linear_lp0.01,typed_event_macro_f1_at_0.05s,0.2806312128216,65,200000
circor,patchtst,native,7,linear_lp0.01,typed_event_macro_f1_at_0.05s,0.3670149772734908,30,200000
circor,patchtst,trd,123,linear_lp0.01,typed_event_macro_f1_at_0.05s,0.5541866479635932,120,200000
circor,patchtst,trd,42,linear_lp0.01,typed_event_macro_f1_at_0.05s,0.5234349780347589,120,200000
circor,patchtst,trd,7,linear_lp0.01,typed_event_macro_f1_at_0.05s,0.5134999580934436,120,200000
circor,patchtst,native,123,linear_lp0.05,typed_event_macro_f1_at_0.05s,0.41171842814214055,111,200000
circor,patchtst,native,42,linear_lp0.05,typed_event_macro_f1_at_0.05s,0.3897756975377136,111,200000
circor,patchtst,native,7,linear_lp0.05,typed_event_macro_f1_at_0.05s,0.4474877115710374,110,200000
circor,patchtst,trd,123,linear_lp0.05,typed_event_macro_f1_at_0.05s,0.5623723004094311,117,200000
circor,patchtst,trd,42,linear_lp0.05,typed_event_macro_f1_at_0.05s,0.5657456142351394,117,200000
circor,patchtst,trd,7,linear_lp0.05,typed_event_macro_f1_at_0.05s,0.5478059817889849,111,200000
circor,patchtst,native,123,temporal_lp0.01,typed_event_macro_f1_at_0.05s,0.46242700376713197,87,200000
circor,patchtst,native,42,temporal_lp0.01,typed_event_macro_f1_at_0.05s,0.4876246300078529,101,200000
circor,patchtst,native,7,temporal_lp0.01,typed_event_macro_f1_at_0.05s,0.5211375460622117,119,200000
circor,patchtst,trd,123,temporal_lp0.01,typed_event_macro_f1_at_0.05s,0.7454446522522612,48,200000
circor,patchtst,trd,42,temporal_lp0.01,typed_event_macro_f1_at_0.05s,0.7545395755425048,65,200000
circor,patchtst,trd,7,temporal_lp0.01,typed_event_macro_f1_at_0.05s,0.7483813342604837,87,200000
circor,patchtst,native,123,temporal_lp0.05,typed_event_macro_f1_at_0.05s,0.537787317701605,109,200000
circor,patchtst,native,42,temporal_lp0.05,typed_event_macro_f1_at_0.05s,0.5471879220335432,111,200000
circor,patchtst,native,7,temporal_lp0.05,typed_event_macro_f1_at_0.05s,0.5871248876078887,115,200000
circor,patchtst,trd,123,temporal_lp0.05,typed_event_macro_f1_at_0.05s,0.8048012853596243,80,200000
circor,patchtst,trd,42,temporal_lp0.05,typed_event_macro_f1_at_0.05s,0.8008599470280483,85,200000
circor,patchtst,trd,7,temporal_lp0.05,typed_event_macro_f1_at_0.05s,0.7994234268302085,97,200000
circor,pmt,native,123,linear_lp0.01,typed_event_macro_f1_at_0.05s,0.39236208572431996,118,200000
circor,pmt,native,42,linear_lp0.01,typed_event_macro_f1_at_0.05s,0.38368642041807766,120,200000
circor,pmt,native,7,linear_lp0.01,typed_event_macro_f1_at_0.05s,0.4132918505812584,120,200000
circor,pmt,trd,123,linear_lp0.01,typed_event_macro_f1_at_0.05s,0.9051124171882858,86,200000
circor,pmt,trd,42,linear_lp0.01,typed_event_macro_f1_at_0.05s,0.8823578447637845,118,200000
circor,pmt,trd,7,linear_lp0.01,typed_event_macro_f1_at_0.05s,0.8990159904394466,91,200000
circor,pmt,native,123,linear_lp0.05,typed_event_macro_f1_at_0.05s,0.4456518767527088,118,200000
circor,pmt,native,42,linear_lp0.05,typed_event_macro_f1_at_0.05s,0.4436407849783979,117,200000
circor,pmt,native,7,linear_lp0.05,typed_event_macro_f1_at_0.05s,0.46101500998027944,117,200000
circor,pmt,trd,123,linear_lp0.05,typed_event_macro_f1_at_0.05s,0.9265737190639469,112,200000
circor,pmt,trd,42,linear_lp0.05,typed_event_macro_f1_at_0.05s,0.9198026979730207,117,200000
circor,pmt,trd,7,linear_lp0.05,typed_event_macro_f1_at_0.05s,0.9235183452608697,110,200000
circor,pmt,native,123,temporal_lp0.01,typed_event_macro_f1_at_0.05s,0.6217891031781604,97,200000
circor,pmt,native,42,temporal_lp0.01,typed_event_macro_f1_at_0.05s,0.634357607420466,113,200000
circor,pmt,native,7,temporal_lp0.01,typed_event_macro_f1_at_0.05s,0.6267816670909414,116,200000
circor,pmt,trd,123,temporal_lp0.01,typed_event_macro_f1_at_0.05s,0.9496145982296886,15,200000
circor,pmt,trd,42,temporal_lp0.01,typed_event_macro_f1_at_0.05s,0.930822888426437,14,200000
circor,pmt,trd,7,temporal_lp0.01,typed_event_macro_f1_at_0.05s,0.9412164459810043,15,200000
circor,pmt,native,123,temporal_lp0.05,typed_event_macro_f1_at_0.05s,0.6775294313429088,97,200000
circor,pmt,native,42,temporal_lp0.05,typed_event_macro_f1_at_0.05s,0.6679398739710404,66,200000
circor,pmt,native,7,temporal_lp0.05,typed_event_macro_f1_at_0.05s,0.6760967079535345,116,200000
circor,pmt,trd,123,temporal_lp0.05,typed_event_macro_f1_at_0.05s,0.9549206814873017,8,200000
circor,pmt,trd,42,temporal_lp0.05,typed_event_macro_f1_at_0.05s,0.9541607849477746,7,200000
circor,pmt,trd,7,temporal_lp0.05,typed_event_macro_f1_at_0.05s,0.9541722584024971,6,200000
circor,ts2vec,native,123,linear_lp0.01,typed_event_macro_f1_at_0.05s,0.5379413990971672,120,200000
circor,ts2vec,native,42,linear_lp0.01,typed_event_macro_f1_at_0.05s,0.5222755172586755,120,200000
circor,ts2vec,native,7,linear_lp0.01,typed_event_macro_f1_at_0.05s,0.5025782931332938,120,200000
circor,ts2vec,trd,123,linear_lp0.01,typed_event_macro_f1_at_0.05s,0.8921172640288895,109,200000
circor,ts2vec,trd,42,linear_lp0.01,typed_event_macro_f1_at_0.05s,0.8745421083636468,91,200000
circor,ts2vec,trd,7,linear_lp0.01,typed_event_macro_f1_at_0.05s,0.8780624589996635,97,200000
circor,ts2vec,native,123,linear_lp0.05,typed_event_macro_f1_at_0.05s,0.589571182967824,115,200000
circor,ts2vec,native,42,linear_lp0.05,typed_event_macro_f1_at_0.05s,0.576487425457608,119,200000
circor,ts2vec,native,7,linear_lp0.05,typed_event_macro_f1_at_0.05s,0.5614712427520376,120,200000
circor,ts2vec,trd,123,linear_lp0.05,typed_event_macro_f1_at_0.05s,0.9198479272997726,115,200000
circor,ts2vec,trd,42,linear_lp0.05,typed_event_macro_f1_at_0.05s,0.9119100728172508,120,200000
circor,ts2vec,trd,7,linear_lp0.05,typed_event_macro_f1_at_0.05s,0.9115835390423951,110,200000
circor,ts2vec,native,123,temporal_lp0.01,typed_event_macro_f1_at_0.05s,0.7913673337373811,16,200000
circor,ts2vec,native,42,temporal_lp0.01,typed_event_macro_f1_at_0.05s,0.7731445082723246,19,200000
circor,ts2vec,native,7,temporal_lp0.01,typed_event_macro_f1_at_0.05s,0.7573826838842007,15,200000
circor,ts2vec,trd,123,temporal_lp0.01,typed_event_macro_f1_at_0.05s,0.9280267853828197,24,200000
circor,ts2vec,trd,42,temporal_lp0.01,typed_event_macro_f1_at_0.05s,0.9298785948706252,23,200000
circor,ts2vec,trd,7,temporal_lp0.01,typed_event_macro_f1_at_0.05s,0.9239404157226219,24,200000
circor,ts2vec,native,123,temporal_lp0.05,typed_event_macro_f1_at_0.05s,0.8371458933008938,11,200000
circor,ts2vec,native,42,temporal_lp0.05,typed_event_macro_f1_at_0.05s,0.8299570348033388,8,200000
circor,ts2vec,native,7,temporal_lp0.05,typed_event_macro_f1_at_0.05s,0.8117236305083658,10,200000
circor,ts2vec,trd,123,temporal_lp0.05,typed_event_macro_f1_at_0.05s,0.9523634007329619,15,200000
circor,ts2vec,trd,42,temporal_lp0.05,typed_event_macro_f1_at_0.05s,0.9517062415914913,15,200000
circor,ts2vec,trd,7,temporal_lp0.05,typed_event_macro_f1_at_0.05s,0.9508102348491867,15,200000
openpack,patchtst,native,123,linear_min1,operation_macro_f1,0.3047580429585732,120,200000
openpack,patchtst,native,42,linear_min1,operation_macro_f1,0.32510912058677244,120,200000
openpack,patchtst,native,7,linear_min1,operation_macro_f1,0.3088918553223231,120,200000
openpack,patchtst,trd,123,linear_min1,operation_macro_f1,0.32533451554154846,118,200000
openpack,patchtst,trd,42,linear_min1,operation_macro_f1,0.41269422694598373,120,200000
openpack,patchtst,trd,7,linear_min1,operation_macro_f1,0.31101332725025455,119,200000
openpack,patchtst,native,123,linear_min5,operation_macro_f1,0.4775391631945485,120,200000
openpack,patchtst,native,42,linear_min5,operation_macro_f1,0.4730817765131222,120,200000
openpack,patchtst,native,7,linear_min5,operation_macro_f1,0.49134260874064706,120,200000
openpack,patchtst,trd,123,linear_min5,operation_macro_f1,0.5172043062970678,114,200000
openpack,patchtst,trd,42,linear_min5,operation_macro_f1,0.5844092454143694,113,200000
openpack,patchtst,trd,7,linear_min5,operation_macro_f1,0.5000594596307855,120,200000
openpack,patchtst,native,123,temporal_min1,operation_macro_f1,0.3377686424265015,119,200000
openpack,patchtst,native,42,temporal_min1,operation_macro_f1,0.3414912392384651,73,200000
openpack,patchtst,native,7,temporal_min1,operation_macro_f1,0.33440056191539724,105,200000
openpack,patchtst,trd,123,temporal_min1,operation_macro_f1,0.3066952223239875,28,200000
openpack,patchtst,trd,42,temporal_min1,operation_macro_f1,0.40591350843240975,55,200000
openpack,patchtst,trd,7,temporal_min1,operation_macro_f1,0.30155582416932,27,200000
openpack,patchtst,native,123,temporal_min5,operation_macro_f1,0.5084769440769292,74,200000
openpack,patchtst,native,42,temporal_min5,operation_macro_f1,0.4856751056476185,110,200000
openpack,patchtst,native,7,temporal_min5,operation_macro_f1,0.5109571145000882,61,200000
openpack,patchtst,trd,123,temporal_min5,operation_macro_f1,0.4979799839184592,37,200000
openpack,patchtst,trd,42,temporal_min5,operation_macro_f1,0.5675113477163196,28,200000
openpack,patchtst,trd,7,temporal_min5,operation_macro_f1,0.4930799447030301,70,200000
openpack,pmt,native,123,linear_min1,operation_macro_f1,0.1916284460155493,120,200000
openpack,pmt,native,42,linear_min1,operation_macro_f1,0.19934034732691164,120,200000
openpack,pmt,native,7,linear_min1,operation_macro_f1,0.2059990401443935,113,200000
openpack,pmt,trd,123,linear_min1,operation_macro_f1,0.32111397062507907,120,200000
openpack,pmt,trd,42,linear_min1,operation_macro_f1,0.31965930630420625,119,200000
openpack,pmt,trd,7,linear_min1,operation_macro_f1,0.34416550711331356,120,200000
openpack,pmt,native,123,linear_min5,operation_macro_f1,0.2925211189828881,117,200000
openpack,pmt,native,42,linear_min5,operation_macro_f1,0.2956662314682537,120,200000
openpack,pmt,native,7,linear_min5,operation_macro_f1,0.323295808114602,116,200000
openpack,pmt,trd,123,linear_min5,operation_macro_f1,0.49144590275048416,119,200000
openpack,pmt,trd,42,linear_min5,operation_macro_f1,0.4816543152673546,119,200000
openpack,pmt,trd,7,linear_min5,operation_macro_f1,0.4829738914497321,120,200000
openpack,pmt,native,123,temporal_min1,operation_macro_f1,0.16592331885165945,59,200000
openpack,pmt,native,42,temporal_min1,operation_macro_f1,0.18485499679604486,59,200000
openpack,pmt,native,7,temporal_min1,operation_macro_f1,0.19616107844323077,108,200000
openpack,pmt,trd,123,temporal_min1,operation_macro_f1,0.2943219010561039,47,200000
openpack,pmt,trd,42,temporal_min1,operation_macro_f1,0.29997623452115607,120,200000
openpack,pmt,trd,7,temporal_min1,operation_macro_f1,0.2905336318169823,36,200000
openpack,pmt,native,123,temporal_min5,operation_macro_f1,0.2968931679949326,66,200000
openpack,pmt,native,42,temporal_min5,operation_macro_f1,0.300193119770914,51,200000
openpack,pmt,native,7,temporal_min5,operation_macro_f1,0.31109202956639725,71,200000
openpack,pmt,trd,123,temporal_min5,operation_macro_f1,0.46960063427988574,22,200000
openpack,pmt,trd,42,temporal_min5,operation_macro_f1,0.4676273820064274,27,200000
openpack,pmt,trd,7,temporal_min5,operation_macro_f1,0.4778547681452308,31,200000
openpack,ts2vec,native,123,linear_min1,operation_macro_f1,0.30324404852001774,116,200000
openpack,ts2vec,native,42,linear_min1,operation_macro_f1,0.2941093431265556,117,200000
openpack,ts2vec,native,7,linear_min1,operation_macro_f1,0.29405222283623134,120,200000
openpack,ts2vec,trd,123,linear_min1,operation_macro_f1,0.2879790869022024,120,200000
openpack,ts2vec,trd,42,linear_min1,operation_macro_f1,0.2926290999103357,119,200000
openpack,ts2vec,trd,7,linear_min1,operation_macro_f1,0.27244876093786075,120,200000
openpack,ts2vec,native,123,linear_min5,operation_macro_f1,0.34787169029930476,118,200000
openpack,ts2vec,native,42,linear_min5,operation_macro_f1,0.3375242134739371,115,200000
openpack,ts2vec,native,7,linear_min5,operation_macro_f1,0.33678911123965266,113,200000
openpack,ts2vec,trd,123,linear_min5,operation_macro_f1,0.35605011285344945,116,200000
openpack,ts2vec,trd,42,linear_min5,operation_macro_f1,0.3859244705575039,117,200000
openpack,ts2vec,trd,7,linear_min5,operation_macro_f1,0.3477428350427367,118,200000
openpack,ts2vec,native,123,temporal_min1,operation_macro_f1,0.33276662749925146,60,200000
openpack,ts2vec,native,42,temporal_min1,operation_macro_f1,0.3311280576318999,61,200000
openpack,ts2vec,native,7,temporal_min1,operation_macro_f1,0.34106854580729973,59,200000
openpack,ts2vec,trd,123,temporal_min1,operation_macro_f1,0.2707001566999818,34,200000
openpack,ts2vec,trd,42,temporal_min1,operation_macro_f1,0.27767326318227614,47,200000
openpack,ts2vec,trd,7,temporal_min1,operation_macro_f1,0.2606663003368846,32,200000
openpack,ts2vec,native,123,temporal_min5,operation_macro_f1,0.4397832351783084,56,200000
openpack,ts2vec,native,42,temporal_min5,operation_macro_f1,0.41901521389142826,65,200000
openpack,ts2vec,native,7,temporal_min5,operation_macro_f1,0.42357421918544497,56,200000
openpack,ts2vec,trd,123,temporal_min5,operation_macro_f1,0.381319566631846,50,200000
openpack,ts2vec,trd,42,temporal_min5,operation_macro_f1,0.4232585045854707,40,200000
openpack,ts2vec,trd,7,temporal_min5,operation_macro_f1,0.37975646671385077,34,200000
